Text,Sentiment
"It's okay, not great but not terrible either.",Neutral
"Met my expectations, no complaints.",Neutral
Brilliant design and works perfectly.,Positive
Superb quality! Exceeded all my expectations.,Positive
Superb quality! Exceeded all my expectations.,Positive
I am thrilled with the results!,Positive
The item arrived on time as expected.,Neutral
Brilliant design and works perfectly.,Positive
"Waste of money, do not buy this.",Negative
"Awful, it doesn't work at all.",Negative
The item arrived on time as expected.,Neutral
"Waste of money, do not buy this.",Negative
Brilliant design and works perfectly.,Positive
"It's okay, not great but not terrible either.",Neutral
Superb quality! Exceeded all my expectations.,Positive
"Highly recommend this to everyone, 5 stars!",Positive
Fantastic service and very quick delivery!,Positive
Brilliant design and works perfectly.,Positive
"Highly recommend this to everyone, 5 stars!",Positive
"Met my expectations, no complaints.",Neutral
"Waste of money, do not buy this.",Negative
"Awful, it doesn't work at all.",Negative
Such a frustrating experience.,Negative
Fantastic service and very quick delivery!,Positive
I am thrilled with the results!,Positive
"Met my expectations, no complaints.",Neutral
"I hate this, it is completely useless.",Negative
Such a frustrating experience.,Negative
It gets the job done.,Neutral
Brilliant design and works perfectly.,Positive
I am thrilled with the results!,Positive
"I hate this, it is completely useless.",Negative
"Terrible customer support, very rude.",Negative
I'm very happy with my purchase.,Positive
The item arrived on time as expected.,Neutral
I'm very happy with my purchase.,Positive
"It's okay, not great but not terrible either.",Neutral
I'm very happy with my purchase.,Positive
"Met my expectations, no complaints.",Neutral
Superb quality! Exceeded all my expectations.,Positive
"I hate this, it is completely useless.",Negative
"I absolutely love this product, it's amazing!",Positive
Just another average product.,Neutral
"Met my expectations, no complaints.",Neutral
"I am so disappointed, it broke after one day.",Negative
"I hate this, it is completely useless.",Negative
"I hate this, it is completely useless.",Negative
I am thrilled with the results!,Positive
"Awful, it doesn't work at all.",Negative
Brilliant design and works perfectly.,Positive
The item arrived on time as expected.,Neutral
I am thrilled with the results!,Positive
Fantastic service and very quick delivery!,Positive
This is the worst experience I have ever had.,Negative
It gets the job done.,Neutral
Such a frustrating experience.,Negative
"I absolutely love this product, it's amazing!",Positive
I'm very happy with my purchase.,Positive
"I absolutely love this product, it's amazing!",Positive
"Highly recommend this to everyone, 5 stars!",Positive
"Terrible customer support, very rude.",Negative
"Standard quality, nothing special about it.",Neutral
Brilliant design and works perfectly.,Positive
"Standard quality, nothing special about it.",Neutral
This is the worst experience I have ever had.,Negative
I'm very happy with my purchase.,Positive
The item arrived on time as expected.,Neutral
"Awful, it doesn't work at all.",Negative
Just another average product.,Neutral
"It's okay, not great but not terrible either.",Neutral
"I am so disappointed, it broke after one day.",Negative
"I absolutely love this product, it's amazing!",Positive
"Highly recommend this to everyone, 5 stars!",Positive
Fantastic service and very quick delivery!,Positive
"I hate this, it is completely useless.",Negative
"I am so disappointed, it broke after one day.",Negative
"Highly recommend this to everyone, 5 stars!",Positive
"I hate this, it is completely useless.",Negative
Just another average product.,Neutral
"It's okay, not great but not terrible either.",Neutral
"Highly recommend this to everyone, 5 stars!",Positive
"I am so disappointed, it broke after one day.",Negative
I am thrilled with the results!,Positive
Such a frustrating experience.,Negative
"Met my expectations, no complaints.",Neutral
"Highly recommend this to everyone, 5 stars!",Positive
"Waste of money, do not buy this.",Negative
"Met my expectations, no complaints.",Neutral
"I am so disappointed, it broke after one day.",Negative
It gets the job done.,Neutral
Such a frustrating experience.,Negative
"I am so disappointed, it broke after one day.",Negative
I am thrilled with the results!,Positive
Fantastic service and very quick delivery!,Positive
"It's okay, not great but not terrible either.",Neutral
Fantastic service and very quick delivery!,Positive
Just another average product.,Neutral
The item arrived on time as expected.,Neutral
"Waste of money, do not buy this.",Negative
Brilliant design and works perfectly.,Positive
"Awful, it doesn't work at all.",Negative
I am thrilled with the results!,Positive
"Waste of money, do not buy this.",Negative
It gets the job done.,Neutral
"I hate this, it is completely useless.",Negative
"I hate this, it is completely useless.",Negative
Superb quality! Exceeded all my expectations.,Positive
"Standard quality, nothing special about it.",Neutral
I'm very happy with my purchase.,Positive
I'm very happy with my purchase.,Positive
"I am so disappointed, it broke after one day.",Negative
Just another average product.,Neutral
"Highly recommend this to everyone, 5 stars!",Positive
The item arrived on time as expected.,Neutral
This is the worst experience I have ever had.,Negative
Just another average product.,Neutral
The item arrived on time as expected.,Neutral
"Waste of money, do not buy this.",Negative
"I hate this, it is completely useless.",Negative
It gets the job done.,Neutral
"I am so disappointed, it broke after one day.",Negative
I am thrilled with the results!,Positive
Fantastic service and very quick delivery!,Positive
Such a frustrating experience.,Negative
"Met my expectations, no complaints.",Neutral
Just another average product.,Neutral
I'm very happy with my purchase.,Positive
"Met my expectations, no complaints.",Neutral
"Met my expectations, no complaints.",Neutral
"Awful, it doesn't work at all.",Negative
"It's okay, not great but not terrible either.",Neutral
"I hate this, it is completely useless.",Negative
"Standard quality, nothing special about it.",Neutral
This is the worst experience I have ever had.,Negative
"It's okay, not great but not terrible either.",Neutral
"I am so disappointed, it broke after one day.",Negative
"Standard quality, nothing special about it.",Neutral
"I absolutely love this product, it's amazing!",Positive
Superb quality! Exceeded all my expectations.,Positive
"Waste of money, do not buy this.",Negative
Such a frustrating experience.,Negative
"I am so disappointed, it broke after one day.",Negative
"Standard quality, nothing special about it.",Neutral
I am thrilled with the results!,Positive
This is the worst experience I have ever had.,Negative
"Terrible customer support, very rude.",Negative
I am thrilled with the results!,Positive
Superb quality! Exceeded all my expectations.,Positive
This is the worst experience I have ever had.,Negative
"I absolutely love this product, it's amazing!",Positive
"Met my expectations, no complaints.",Neutral
Superb quality! Exceeded all my expectations.,Positive
"I hate this, it is completely useless.",Negative
"Waste of money, do not buy this.",Negative
The item arrived on time as expected.,Neutral
Just another average product.,Neutral
I am thrilled with the results!,Positive
"I absolutely love this product, it's amazing!",Positive
Brilliant design and works perfectly.,Positive
Just another average product.,Neutral
Such a frustrating experience.,Negative
Fantastic service and very quick delivery!,Positive
It gets the job done.,Neutral
I'm very happy with my purchase.,Positive
The item arrived on time as expected.,Neutral
It gets the job done.,Neutral
Such a frustrating experience.,Negative
Brilliant design and works perfectly.,Positive
I am thrilled with the results!,Positive
"Highly recommend this to everyone, 5 stars!",Positive
Just another average product.,Neutral
"Met my expectations, no complaints.",Neutral
I am thrilled with the results!,Positive
Brilliant design and works perfectly.,Positive
"I hate this, it is completely useless.",Negative
"Waste of money, do not buy this.",Negative
"I absolutely love this product, it's amazing!",Positive
Such a frustrating experience.,Negative
I am thrilled with the results!,Positive
"Awful, it doesn't work at all.",Negative
Fantastic service and very quick delivery!,Positive
"Waste of money, do not buy this.",Negative
"Terrible customer support, very rude.",Negative
I am thrilled with the results!,Positive
Fantastic service and very quick delivery!,Positive
"Waste of money, do not buy this.",Negative
Just another average product.,Neutral
Just another average product.,Neutral
The item arrived on time as expected.,Neutral
This is the worst experience I have ever had.,Negative
This is the worst experience I have ever had.,Negative
This is the worst experience I have ever had.,Negative
I'm very happy with my purchase.,Positive
Just another average product.,Neutral
This is the worst experience I have ever had.,Negative
"I am so disappointed, it broke after one day.",Negative
"I am so disappointed, it broke after one day.",Negative
"Standard quality, nothing special about it.",Neutral
I am thrilled with the results!,Positive
"Highly recommend this to everyone, 5 stars!",Positive
Superb quality! Exceeded all my expectations.,Positive
"I absolutely love this product, it's amazing!",Positive
Fantastic service and very quick delivery!,Positive
"Terrible customer support, very rude.",Negative
Superb quality! Exceeded all my expectations.,Positive
I'm very happy with my purchase.,Positive
"Terrible customer support, very rude.",Negative
Such a frustrating experience.,Negative
Brilliant design and works perfectly.,Positive
"Highly recommend this to everyone, 5 stars!",Positive
"Awful, it doesn't work at all.",Negative
"Terrible customer support, very rude.",Negative
"Standard quality, nothing special about it.",Neutral
"Awful, it doesn't work at all.",Negative
"Met my expectations, no complaints.",Neutral
Such a frustrating experience.,Negative
"It's okay, not great but not terrible either.",Neutral
I'm very happy with my purchase.,Positive
"Waste of money, do not buy this.",Negative
Such a frustrating experience.,Negative
"Terrible customer support, very rude.",Negative
The item arrived on time as expected.,Neutral
It gets the job done.,Neutral
"I am so disappointed, it broke after one day.",Negative
"Waste of money, do not buy this.",Negative
"Standard quality, nothing special about it.",Neutral
Just another average product.,Neutral
"Highly recommend this to everyone, 5 stars!",Positive
"I am so disappointed, it broke after one day.",Negative
It gets the job done.,Neutral
"Highly recommend this to everyone, 5 stars!",Positive
The item arrived on time as expected.,Neutral
"Terrible customer support, very rude.",Negative
Fantastic service and very quick delivery!,Positive
It gets the job done.,Neutral
Brilliant design and works perfectly.,Positive
"Awful, it doesn't work at all.",Negative
The item arrived on time as expected.,Neutral
Superb quality! Exceeded all my expectations.,Positive
"Awful, it doesn't work at all.",Negative
"Standard quality, nothing special about it.",Neutral
"I absolutely love this product, it's amazing!",Positive
"It's okay, not great but not terrible either.",Neutral
I am thrilled with the results!,Positive
"Highly recommend this to everyone, 5 stars!",Positive
"I am so disappointed, it broke after one day.",Negative
It gets the job done.,Neutral
"Terrible customer support, very rude.",Negative
"It's okay, not great but not terrible either.",Neutral
"Terrible customer support, very rude.",Negative
"I absolutely love this product, it's amazing!",Positive
"Met my expectations, no complaints.",Neutral
"I absolutely love this product, it's amazing!",Positive
"Standard quality, nothing special about it.",Neutral
"I am so disappointed, it broke after one day.",Negative
"I absolutely love this product, it's amazing!",Positive
"Standard quality, nothing special about it.",Neutral
"Terrible customer support, very rude.",Negative
"It's okay, not great but not terrible either.",Neutral
"Standard quality, nothing special about it.",Neutral
Just another average product.,Neutral
Just another average product.,Neutral
The item arrived on time as expected.,Neutral
I am thrilled with the results!,Positive
Fantastic service and very quick delivery!,Positive
It gets the job done.,Neutral
"Met my expectations, no complaints.",Neutral
"Awful, it doesn't work at all.",Negative
"Met my expectations, no complaints.",Neutral
I'm very happy with my purchase.,Positive
Superb quality! Exceeded all my expectations.,Positive
"Waste of money, do not buy this.",Negative
It gets the job done.,Neutral
Just another average product.,Neutral
"Terrible customer support, very rude.",Negative
It gets the job done.,Neutral
"Awful, it doesn't work at all.",Negative
This is the worst experience I have ever had.,Negative
"It's okay, not great but not terrible either.",Neutral
Superb quality! Exceeded all my expectations.,Positive
"I absolutely love this product, it's amazing!",Positive
"I am so disappointed, it broke after one day.",Negative
"Terrible customer support, very rude.",Negative
Such a frustrating experience.,Negative
Superb quality! Exceeded all my expectations.,Positive
"I am so disappointed, it broke after one day.",Negative
Such a frustrating experience.,Negative
"Standard quality, nothing special about it.",Neutral
Brilliant design and works perfectly.,Positive
"Standard quality, nothing special about it.",Neutral
"Terrible customer support, very rude.",Negative
Brilliant design and works perfectly.,Positive
"I hate this, it is completely useless.",Negative
Such a frustrating experience.,Negative
"Standard quality, nothing special about it.",Neutral
Brilliant design and works perfectly.,Positive
"Waste of money, do not buy this.",Negative
"Waste of money, do not buy this.",Negative
"I hate this, it is completely useless.",Negative
"Terrible customer support, very rude.",Negative
Just another average product.,Neutral
Fantastic service and very quick delivery!,Positive
This is the worst experience I have ever had.,Negative
"Highly recommend this to everyone, 5 stars!",Positive
"Awful, it doesn't work at all.",Negative
I'm very happy with my purchase.,Positive
"I am so disappointed, it broke after one day.",Negative
It gets the job done.,Neutral
"I hate this, it is completely useless.",Negative
"Highly recommend this to everyone, 5 stars!",Positive
"I absolutely love this product, it's amazing!",Positive
"Standard quality, nothing special about it.",Neutral
"It's okay, not great but not terrible either.",Neutral
"Standard quality, nothing special about it.",Neutral
The item arrived on time as expected.,Neutral
I am thrilled with the results!,Positive
"Met my expectations, no complaints.",Neutral
"Awful, it doesn't work at all.",Negative
Superb quality! Exceeded all my expectations.,Positive
"Highly recommend this to everyone, 5 stars!",Positive
"Waste of money, do not buy this.",Negative
"Met my expectations, no complaints.",Neutral
The item arrived on time as expected.,Neutral
"I hate this, it is completely useless.",Negative
"I am so disappointed, it broke after one day.",Negative
This is the worst experience I have ever had.,Negative
"Awful, it doesn't work at all.",Negative
This is the worst experience I have ever had.,Negative
"Terrible customer support, very rude.",Negative
It gets the job done.,Neutral
The item arrived on time as expected.,Neutral
It gets the job done.,Neutral
"Awful, it doesn't work at all.",Negative
Brilliant design and works perfectly.,Positive
"Terrible customer support, very rude.",Negative
This is the worst experience I have ever had.,Negative
"It's okay, not great but not terrible either.",Neutral
Fantastic service and very quick delivery!,Positive
I'm very happy with my purchase.,Positive
I'm very happy with my purchase.,Positive
"I hate this, it is completely useless.",Negative
I'm very happy with my purchase.,Positive
"Awful, it doesn't work at all.",Negative
"It's okay, not great but not terrible either.",Neutral
This is the worst experience I have ever had.,Negative
"I absolutely love this product, it's amazing!",Positive
Superb quality! Exceeded all my expectations.,Positive
Such a frustrating experience.,Negative
"Standard quality, nothing special about it.",Neutral
Brilliant design and works perfectly.,Positive
"Highly recommend this to everyone, 5 stars!",Positive
Superb quality! Exceeded all my expectations.,Positive
Fantastic service and very quick delivery!,Positive
Fantastic service and very quick delivery!,Positive
"I hate this, it is completely useless.",Negative
Brilliant design and works perfectly.,Positive
"Standard quality, nothing special about it.",Neutral
"I absolutely love this product, it's amazing!",Positive
Superb quality! Exceeded all my expectations.,Positive
The item arrived on time as expected.,Neutral
"Highly recommend this to everyone, 5 stars!",Positive
"I absolutely love this product, it's amazing!",Positive
"I hate this, it is completely useless.",Negative
Just another average product.,Neutral
"Highly recommend this to everyone, 5 stars!",Positive
"Terrible customer support, very rude.",Negative
"Terrible customer support, very rude.",Negative
This is the worst experience I have ever had.,Negative
Such a frustrating experience.,Negative
Fantastic service and very quick delivery!,Positive
Superb quality! Exceeded all my expectations.,Positive
"Awful, it doesn't work at all.",Negative
"Waste of money, do not buy this.",Negative
This is the worst experience I have ever had.,Negative
"It's okay, not great but not terrible either.",Neutral
Fantastic service and very quick delivery!,Positive
"I absolutely love this product, it's amazing!",Positive
"Met my expectations, no complaints.",Neutral
It gets the job done.,Neutral
"It's okay, not great but not terrible either.",Neutral
"Awful, it doesn't work at all.",Negative
The item arrived on time as expected.,Neutral
"It's okay, not great but not terrible either.",Neutral
"Met my expectations, no complaints.",Neutral
I'm very happy with my purchase.,Positive
This is the worst experience I have ever had.,Negative
I'm very happy with my purchase.,Positive
"Waste of money, do not buy this.",Negative
It gets the job done.,Neutral
Brilliant design and works perfectly.,Positive
Just another average product.,Neutral
Fantastic service and very quick delivery!,Positive
"I absolutely love this product, it's amazing!",Positive
This is the worst experience I have ever had.,Negative
Superb quality! Exceeded all my expectations.,Positive
Such a frustrating experience.,Negative
"It's okay, not great but not terrible either.",Neutral
Such a frustrating experience.,Negative
It gets the job done.,Neutral
I'm very happy with my purchase.,Positive
